{
  "closed_loop": {
    "n_trials": 10,
    "successes": 10,
    "success_rate": 1.0,
    "wilson_ci_lower": 0.7224672001371107,
    "wilson_ci_upper": 0.9999999999999999,
    "mean_force": 2.2193650060925285,
    "std_force": 0.2306916136659425,
    "mean_recovery_ms": 3.5989135806756787,
    "damage_count": 0
  },
  "open_loop": {
    "n_trials": 10,
    "successes": 9,
    "success_rate": 0.9,
    "wilson_ci_lower": 0.5958499732047615,
    "wilson_ci_upper": 0.9821237869049271,
    "mean_force": 4.201693384939858,
    "std_force": 0.2643385914458878,
    "mean_recovery_ms": 0.0,
    "damage_count": 0
  },
  "no_tactile": {
    "n_trials": 10,
    "successes": 8,
    "success_rate": 0.8,
    "wilson_ci_lower": 0.49016247153664183,
    "wilson_ci_upper": 0.9433178485456247,
    "mean_force": 3.2714394571218373,
    "std_force": 0.3917855342035316,
    "mean_recovery_ms": 3.694121793174962,
    "damage_count": 0
  },
  "no_slip_recovery": {
    "n_trials": 10,
    "successes": 9,
    "success_rate": 0.9,
    "wilson_ci_lower": 0.5958499732047615,
    "wilson_ci_upper": 0.9821237869049271,
    "mean_force": 2.7016933849398583,
    "std_force": 0.26433859144588756,
    "mean_recovery_ms": 0.0,
    "damage_count": 0
  }
}