{
  "closed_loop": {
    "n_trials": 32,
    "successes": 32,
    "success_rate": 1.0,
    "wilson_ci_lower": 0.8928208017449293,
    "wilson_ci_upper": 1,
    "mean_force": 2.1545661301314043,
    "std_force": 0.3588633362969984,
    "mean_recovery_ms": 3.8628700610348767,
    "damage_count": 0
  },
  "open_loop": {
    "n_trials": 32,
    "successes": 28,
    "success_rate": 0.875,
    "wilson_ci_lower": 0.7193169451834978,
    "wilson_ci_upper": 0.9502986561251991,
    "mean_force": 4.134104663639695,
    "std_force": 0.24301218934400587,
    "mean_recovery_ms": 0.0,
    "damage_count": 0
  },
  "no_tactile": {
    "n_trials": 32,
    "successes": 25,
    "success_rate": 0.78125,
    "wilson_ci_lower": 0.6124500635075647,
    "wilson_ci_upper": 0.8897616374739581,
    "mean_force": 3.211618789515356,
    "std_force": 0.3149702341419855,
    "mean_recovery_ms": 4.262835054944616,
    "damage_count": 0
  },
  "no_slip_recovery": {
    "n_trials": 32,
    "successes": 30,
    "success_rate": 0.9375,
    "wilson_ci_lower": 0.7985287685584542,
    "wilson_ci_upper": 0.982689432968359,
    "mean_force": 2.634104663639696,
    "std_force": 0.2430121893440058,
    "mean_recovery_ms": 0.0,
    "damage_count": 0
  },
  "no_adaptive": {
    "n_trials": 32,
    "successes": 30,
    "success_rate": 0.9375,
    "wilson_ci_lower": 0.7985287685584542,
    "wilson_ci_upper": 0.982689432968359,
    "mean_force": 2.1866187895153555,
    "std_force": 0.2795143748890952,
    "mean_recovery_ms": 4.262835054944616,
    "damage_count": 0
  }
}